Date,Module,Task Description,Work Details,Hours,Rate ($/hr),Amount ($),Daily Total (hrs)
05/02/2026,SEO,sitemap and search engine setup,automatic XML sitemap generation covering all 10+ pages with proper URL priorities and change frequencies - robots.txt configuration for search engine crawl control - google structured data using JSON-LD schema markup for business type / physical location / service offerings / price range so google shows rich results - individual meta tags (title / description / keywords) written and configured for every single page on the site,3,10,30,4.5
,SEO,social sharing and mobile manifest,opengraph tags for WhatsApp / Instagram / Facebook link previews so shared links show proper image and description - twitter card meta tags - web app manifest for mobile devices with app icons and splash screen config,1.5,10,15,
06/02/2026,Frontend,mobile responsive optimization,redesigned all service cards specifically for mobile viewports with full-screen immersive layout - adjusted layout spacing / padding / typography sizing for readability on small screens - tested and fixed across iPhone / Android / iPad screen sizes to make sure nothing breaks,2.5,10,25,4.5
,Frontend,scroll animations,built intersection observer based scroll-triggered animations from scratch - fade-in / slide-up / stagger effects across all homepage sections - configured timing delays / easing curves / viewport thresholds so animations feel smooth and not jarring - tested on mobile and desktop,2,10,20,
07/02/2026,Frontend,portfolio category pages,built portfolio category page layouts with image overlays - hover effects and transitions - responsive grid for desktop and mobile,1.5,10,15,4
,Admin Panel,architecture and auth design,planned the entire admin panel route structure and component hierarchy for 14 content sections - designed secure HMAC-SHA256 session authentication flow from scratch - cookie based session management with expiry logic - decided on single MongoDB collection approach for flexible content storage,2.5,10,25,
08/02/2026,Admin Panel,admin login system,built the complete secure login page UI with form validation - server side password verification using timing-safe comparison to prevent attacks - HMAC-SHA256 token generation with timestamp - httpOnly secure cookie session with 24 hour automatic expiry - middleware to protect all admin routes - automatic redirect logic for unauthenticated users trying to access admin pages,3,10,30,4.5
,Admin Panel,dashboard layout,created admin dashboard with responsive sidebar - route based navigation - content area with loading states,1.5,10,15,
09/02/2026,Admin Panel,sidebar and editor framework,built collapsible sidebar navigation with links for all 14 content types - designed and built reusable content editor component that every section editor uses - includes save to database / reset to original / loading spinners / success and error notifications - this is the foundation all other editors are built on,2.5,10,25,4.5
,Admin Panel,hero carousel editor,built image selection interface that browses all repository images with visual grid picker - live preview showing exactly how carousel slides will look on the site - editing for title / subtitle / CTA button text and link per slide - add / remove / reorder slides,2,10,20,
10/02/2026,Admin Panel,image upload system,built complete file upload API endpoint with server side size limit and file type validation (only allows jpg / png / webp) - folder based organization system (hero / gallery / portfolio / custom) - automatic file naming to prevent conflicts - error handling for failed uploads - connected to admin UI with drag and drop,2,10,20,4.5
,Admin Panel,gallery manager,built full image grid manager with drag-to-reorder capability so you can change image order visually - bulk upload support for adding multiple images at once - image preview thumbnails - individual delete with confirmation - saves order to database,2.5,10,25,
11/02/2026,DevOps,deployment pipeline,configured Vercel serverless deployment - environment variables setup - build optimization - production domain mapping for myvisual.space,1.5,10,15,4
,Admin Panel,portfolio editor,built dedicated editors for all 4 main categories (residential / hospitality / commercial / custom interiors) and all 15 subcategories under them - each subcategory has its own image management / title / description editing - category level hero image and description editing - a lot of pages to wire up individually,2.5,10,25,
12/02/2026,Admin Panel,blog/journal editor,this was the most complex editor - full blog post management with create new / edit existing / delete posts - each post has expandable card UI showing all fields - section level content editing where each post can have multiple content sections with their own text and images - image picker integration for post cover image and section images - date picker / author field / description / slug management - preview of how post will look,4,10,40,4
13/02/2026,Database,MongoDB setup and migration,MongoDB Atlas cloud cluster setup and security configuration - Prisma 6 ORM schema design with content_sections model mapping to MongoDB - wrote data migration scripts that read all 14 JSON content files and seed them into the database with proper structure - tested migration and verified all data transferred correctly,2,10,20,4
,Database,database integration (19 pages),connected homepage (reads hero / gallery / services / features / process / testimonials / stats / journal / portfolio sections from database) / all 4 portfolio category pages / all 15 subcategory pages / blog listing page and individual blog post pages to MongoDB - each page does server side rendering with database queries and falls back gracefully if database is down,2,10,20,
14/02/2026,Database,database integration (remaining pages),connected about page / contact page / FAQ page / services page to MongoDB with same server side rendering pattern - built fallback system so every page on the site works even if MongoDB is temporarily unavailable by falling back to local JSON files,2.5,10,25,4
,Database,admin credential management,moved admin password storage from environment variable to MongoDB for easier management - secure password comparison with timing-safe equality check to prevent timing attacks,1,10,10,
,Documentation,technical documentation,updated project README with admin panel docs / architecture diagram / setup instructions / environment variable guide,0.5,10,5,
15/02/2026,Frontend,rebrand to MyVisual.Space,renamed entire application from NASHRAY to MyVisual.Space across all pages and components - SEO optimized all route slugs (portfolio to services / hotels to hospitality etc) to match actual search intent and google keywords - redesigned main navigation with updated branding and route structure - updated all meta tags / structured data / og tags / sitemap / robots.txt to reflect new brand name and URLs - added 301 redirects from old URLs so no SEO ranking is lost,2,10,20,4
,Admin Panel,analytics dashboard,built page view tracking API endpoint that records every visit with path / referrer / device / browser / session ID to MongoDB - admin analytics page with 4 stat cards (total views / unique sessions / bounce rate / avg session duration) - SVG donut chart showing traffic distribution across the 4 service categories (residential / hospitality / commercial / custom interiors) - recent activity table with server side search / sort by any column / pagination,2,10,20,
16/02/2026,Backend,user authentication and blog comments,this was one big feature - integrated NextAuth.js v5 with Prisma adapter for MongoDB - configured Google OAuth 2.0 login and email password login with bcrypt hashing - created signup API with duplicate email check - added User / Account / Session / Comment models to database schema - built full comments API (create / read / edit own / delete own with ownership verification) - built admin comments API (list all / edit any / delete any) - login popup modal with Google button and email form - comment form with character counter - inline edit and delete on own comments - relative timestamps (just now / 5m ago / 2h ago) - admin comments management page with edit / delete / confirmation modal - reusable toast notification component used across the app,4,10,40,4
17/02/2026,Database,cloudinary credentials migration,moved Cloudinary API credentials (cloud name / API key / API secret) from environment variables to MongoDB so they can be managed from admin panel without redeploying - built async credential fetching function with 5 minute in-memory cache so database is not hit on every image upload - added Cloudinary settings section to admin settings page with show/hide toggle for the API secret field - updated all image upload and listing routes to use database backed credentials - seeded existing credentials into database,1,10,10,1
,,,,,,,
,,TOTAL,,51.5,,$515,
